Id,Expected
2021-07-31_D33,78
2021-07-31_D37,78
2021-07-31_D34,78
2021-07-31_D45,78
2021-07-31_D50,78
2021-07-31_D32,78
2021-07-31_D49,78
2021-07-31_D48,78
2021-07-31_D42,78
2021-07-31_D38,78
2021-07-31_D43,78
2021-07-31_D39,78
2021-07-31_D36,78
2021-07-31_D35,78
2021-07-31_D40,78
2021-07-31_D47,78
2021-07-31_D41,78
2021-07-31_D46,78
2021-07-31_D44,78
2021-07-31_D31,78
2021-07-31_D4,78
2021-07-31_D9,78
2021-07-31_D1,78
2021-07-31_D10,78
2021-07-31_D5,78
2021-07-31_D7,78
2021-07-31_D3,78
2021-07-31_D6,78
2021-07-31_D8,78
2021-07-31_D2,78
2021-07-31_D29,78
2021-07-31_D23,78
2021-07-31_D22,78
2021-07-31_D27,78
2021-07-31_D15,78
2021-07-31_D21,78
2021-07-31_D16,78
2021-07-31_D12,78
2021-07-31_D14,78
2021-07-31_D11,78
2021-07-31_D13,78
2021-07-31_D18,78
2021-07-31_D30,78
2021-07-31_D19,78
2021-07-31_D24,78
2021-07-31_D20,78
2021-07-31_D25,78
2021-07-31_D17,78
2021-07-31_D28,78
2021-07-31_D26,78
2021-07-31_D75,78
2021-07-31_D79,78
2021-07-31_D71,78
2021-07-31_D74,78
2021-07-31_D77,78
2021-07-31_D80,78
2021-07-31_D78,78
2021-07-31_D72,78
2021-07-31_D73,78
2021-07-31_D76,78
2021-07-31_D68,78
2021-07-31_D70,78
2021-07-31_D61,78
2021-07-31_D67,78
2021-07-31_D52,78
2021-07-31_D56,78
2021-07-31_D63,78
2021-07-31_D55,78
2021-07-31_D51,78
2021-07-31_D65,78
2021-07-31_D62,78
2021-07-31_D66,78
2021-07-31_D58,78
2021-07-31_D53,78
2021-07-31_D64,78
2021-07-31_D60,78
2021-07-31_D54,78
2021-07-31_D69,78
2021-07-31_D59,78
2021-07-31_D57,78
2021-07-30_D33,78
2021-07-30_D37,78
2021-07-30_D34,78
2021-07-30_D45,78
2021-07-30_D50,78
2021-07-30_D32,78
2021-07-30_D49,78
2021-07-30_D48,78
2021-07-30_D42,78
2021-07-30_D38,78
2021-07-30_D43,78
2021-07-30_D39,78
2021-07-30_D36,78
2021-07-30_D35,78
2021-07-30_D40,78
2021-07-30_D47,78
2021-07-30_D41,78
2021-07-30_D46,78
2021-07-30_D44,78
2021-07-30_D31,78
2021-07-30_D4,78
2021-07-30_D9,78
2021-07-30_D1,78
2021-07-30_D10,78
2021-07-30_D5,78
2021-07-30_D7,78
2021-07-30_D3,78
2021-07-30_D6,78
2021-07-30_D8,78
2021-07-30_D2,78
2021-07-30_D29,78
2021-07-30_D23,78
2021-07-30_D22,78
2021-07-30_D27,78
2021-07-30_D15,78
2021-07-30_D21,78
2021-07-30_D16,78
2021-07-30_D12,78
2021-07-30_D14,78
2021-07-30_D11,78
2021-07-30_D13,78
2021-07-30_D18,78
2021-07-30_D30,78
2021-07-30_D19,78
2021-07-30_D24,78
2021-07-30_D20,78
2021-07-30_D25,78
2021-07-30_D17,78
2021-07-30_D28,78
2021-07-30_D26,78
2021-07-30_D75,78
2021-07-30_D79,78
2021-07-30_D71,78
2021-07-30_D74,78
2021-07-30_D77,78
2021-07-30_D80,78
2021-07-30_D78,78
2021-07-30_D72,78
2021-07-30_D73,78
2021-07-30_D76,78
2021-07-30_D68,78
2021-07-30_D70,78
2021-07-30_D61,78
2021-07-30_D67,78
2021-07-30_D52,78
2021-07-30_D56,78
2021-07-30_D63,78
2021-07-30_D55,78
2021-07-30_D51,78
2021-07-30_D65,78
2021-07-30_D62,78
2021-07-30_D66,78
2021-07-30_D58,78
2021-07-30_D53,78
2021-07-30_D64,78
2021-07-30_D60,78
2021-07-30_D54,78
2021-07-30_D69,78
2021-07-30_D59,78
2021-07-30_D57,78
2021-07-29_D33,78
2021-07-29_D37,78
2021-07-29_D34,78
2021-07-29_D45,78
2021-07-29_D50,78
2021-07-29_D32,78
2021-07-29_D49,78
2021-07-29_D48,78
2021-07-29_D42,78
2021-07-29_D38,78
2021-07-29_D43,78
2021-07-29_D39,78
2021-07-29_D36,78
2021-07-29_D35,78
2021-07-29_D40,78
2021-07-29_D47,78
2021-07-29_D41,78
2021-07-29_D46,78
2021-07-29_D44,78
2021-07-29_D31,78
2021-07-29_D4,78
2021-07-29_D9,78
2021-07-29_D1,78
2021-07-29_D10,78
2021-07-29_D5,78
2021-07-29_D7,78
2021-07-29_D3,78
2021-07-29_D6,78
2021-07-29_D8,78
2021-07-29_D2,78
2021-07-29_D29,78
2021-07-29_D23,78
2021-07-29_D22,78
2021-07-29_D27,78
2021-07-29_D15,78
2021-07-29_D21,78
2021-07-29_D16,78
2021-07-29_D12,78
2021-07-29_D14,78
2021-07-29_D11,78
2021-07-29_D13,78
2021-07-29_D18,78
2021-07-29_D30,78
2021-07-29_D19,78
2021-07-29_D24,78
2021-07-29_D20,78
2021-07-29_D25,78
2021-07-29_D17,78
2021-07-29_D28,78
2021-07-29_D26,78
2021-07-29_D75,78
2021-07-29_D79,78
2021-07-29_D71,78
2021-07-29_D74,78
2021-07-29_D77,78
2021-07-29_D80,78
2021-07-29_D78,78
2021-07-29_D72,78
2021-07-29_D73,78
2021-07-29_D76,78
2021-07-29_D68,78
2021-07-29_D70,78
2021-07-29_D61,78
2021-07-29_D67,78
2021-07-29_D52,78
2021-07-29_D56,78
2021-07-29_D63,78
2021-07-29_D55,78
2021-07-29_D51,78
2021-07-29_D65,78
2021-07-29_D62,78
2021-07-29_D66,78
2021-07-29_D58,78
2021-07-29_D53,78
2021-07-29_D64,78
2021-07-29_D60,78
2021-07-29_D54,78
2021-07-29_D69,78
2021-07-29_D59,78
2021-07-29_D57,78
2021-07-28_D33,78
2021-07-28_D37,78
2021-07-28_D34,78
2021-07-28_D45,78
2021-07-28_D50,78
2021-07-28_D32,78
2021-07-28_D49,78
2021-07-28_D48,78
2021-07-28_D42,78
2021-07-28_D38,78
2021-07-28_D43,78
2021-07-28_D39,78
2021-07-28_D36,78
2021-07-28_D35,78
2021-07-28_D40,78
2021-07-28_D47,78
2021-07-28_D41,78
2021-07-28_D46,78
2021-07-28_D44,78
2021-07-28_D31,78
2021-07-28_D4,78
2021-07-28_D9,78
2021-07-28_D1,78
2021-07-28_D10,78
2021-07-28_D5,78
2021-07-28_D7,78
2021-07-28_D3,78
2021-07-28_D6,78
2021-07-28_D8,78
2021-07-28_D2,78
2021-07-28_D29,78
2021-07-28_D23,78
2021-07-28_D22,78
2021-07-28_D27,78
2021-07-28_D15,78
2021-07-28_D21,78
2021-07-28_D16,78
2021-07-28_D12,78
2021-07-28_D14,78
2021-07-28_D11,78
2021-07-28_D13,78
2021-07-28_D18,78
2021-07-28_D30,78
2021-07-28_D19,78
2021-07-28_D24,78
2021-07-28_D20,78
2021-07-28_D25,78
2021-07-28_D17,78
2021-07-28_D28,78
2021-07-28_D26,78
2021-07-28_D75,78
2021-07-28_D79,78
2021-07-28_D71,78
2021-07-28_D74,78
2021-07-28_D77,78
2021-07-28_D80,78
2021-07-28_D78,78
2021-07-28_D72,78
2021-07-28_D73,78
2021-07-28_D76,78
2021-07-28_D68,78
2021-07-28_D70,78
2021-07-28_D61,78
2021-07-28_D67,78
2021-07-28_D52,78
2021-07-28_D56,78
2021-07-28_D63,78
2021-07-28_D55,78
2021-07-28_D51,78
2021-07-28_D65,78
2021-07-28_D62,78
2021-07-28_D66,78
2021-07-28_D58,78
2021-07-28_D53,78
2021-07-28_D64,78
2021-07-28_D60,78
2021-07-28_D54,78
2021-07-28_D69,78
2021-07-28_D59,78
2021-07-28_D57,78
2021-07-27_D33,78
2021-07-27_D37,78
2021-07-27_D34,78
2021-07-27_D45,78
2021-07-27_D50,78
2021-07-27_D32,78
2021-07-27_D49,78
2021-07-27_D48,78
2021-07-27_D42,78
2021-07-27_D38,78
2021-07-27_D43,78
2021-07-27_D39,78
2021-07-27_D36,78
2021-07-27_D35,78
2021-07-27_D40,78
2021-07-27_D47,78
2021-07-27_D41,78
2021-07-27_D46,78
2021-07-27_D44,78
2021-07-27_D31,78
2021-07-27_D4,78
2021-07-27_D9,78
2021-07-27_D1,78
2021-07-27_D10,78
2021-07-27_D5,78
2021-07-27_D7,78
2021-07-27_D3,78
2021-07-27_D6,78
2021-07-27_D8,78
2021-07-27_D2,78
2021-07-27_D29,78
2021-07-27_D23,78
2021-07-27_D22,78
2021-07-27_D27,78
2021-07-27_D15,78
2021-07-27_D21,78
2021-07-27_D16,78
2021-07-27_D12,78
2021-07-27_D14,78
2021-07-27_D11,78
2021-07-27_D13,78
2021-07-27_D18,78
2021-07-27_D30,78
2021-07-27_D19,78
2021-07-27_D24,78
2021-07-27_D20,78
2021-07-27_D25,78
2021-07-27_D17,78
2021-07-27_D28,78
2021-07-27_D26,78
2021-07-27_D75,78
2021-07-27_D79,78
2021-07-27_D71,78
2021-07-27_D74,78
2021-07-27_D77,78
2021-07-27_D80,78
2021-07-27_D78,78
2021-07-27_D72,78
2021-07-27_D73,78
2021-07-27_D76,78
2021-07-27_D68,78
2021-07-27_D70,78
2021-07-27_D61,78
2021-07-27_D67,78
2021-07-27_D52,78
2021-07-27_D56,78
2021-07-27_D63,78
2021-07-27_D55,78
2021-07-27_D51,78
2021-07-27_D65,78
2021-07-27_D62,78
2021-07-27_D66,78
2021-07-27_D58,78
2021-07-27_D53,78
2021-07-27_D64,78
2021-07-27_D60,78
2021-07-27_D54,78
2021-07-27_D69,78
2021-07-27_D59,78
2021-07-27_D57,78
2021-07-26_D33,78
2021-07-26_D37,78
2021-07-26_D34,78
2021-07-26_D45,78
2021-07-26_D50,78
2021-07-26_D32,78
2021-07-26_D49,78
2021-07-26_D48,78
2021-07-26_D42,78
2021-07-26_D38,78
2021-07-26_D43,78
2021-07-26_D39,78
2021-07-26_D36,78
2021-07-26_D35,78
2021-07-26_D40,78
2021-07-26_D47,78
2021-07-26_D41,78
2021-07-26_D46,78
2021-07-26_D44,78
2021-07-26_D31,78
2021-07-26_D4,78
2021-07-26_D9,78
2021-07-26_D1,78
2021-07-26_D10,78
2021-07-26_D5,78
2021-07-26_D7,78
2021-07-26_D3,78
2021-07-26_D6,78
2021-07-26_D8,78
2021-07-26_D2,78
2021-07-26_D29,78
2021-07-26_D23,78
2021-07-26_D22,78
2021-07-26_D27,78
2021-07-26_D15,78
2021-07-26_D21,78
2021-07-26_D16,78
2021-07-26_D12,78
2021-07-26_D14,78
2021-07-26_D11,78
2021-07-26_D13,78
2021-07-26_D18,78
2021-07-26_D30,78
2021-07-26_D19,78
2021-07-26_D24,78
2021-07-26_D20,78
2021-07-26_D25,78
2021-07-26_D17,78
2021-07-26_D28,78
2021-07-26_D26,78
2021-07-26_D75,78
2021-07-26_D79,78
2021-07-26_D71,78
2021-07-26_D74,78
2021-07-26_D77,78
2021-07-26_D80,78
2021-07-26_D78,78
2021-07-26_D72,78
2021-07-26_D73,78
2021-07-26_D76,78
2021-07-26_D68,78
2021-07-26_D70,78
2021-07-26_D61,78
2021-07-26_D67,78
2021-07-26_D52,78
2021-07-26_D56,78
2021-07-26_D63,78
2021-07-26_D55,78
2021-07-26_D51,78
2021-07-26_D65,78
2021-07-26_D62,78
2021-07-26_D66,78
2021-07-26_D58,78
2021-07-26_D53,78
2021-07-26_D64,78
2021-07-26_D60,78
2021-07-26_D54,78
2021-07-26_D69,78
2021-07-26_D59,78
2021-07-26_D57,78
2021-07-25_D4,78
2021-07-25_D9,78
2021-07-25_D1,78
2021-07-25_D10,78
2021-07-25_D5,78
2021-07-25_D7,78
2021-07-25_D3,78
2021-07-25_D6,78
2021-07-25_D8,78
2021-07-25_D29,78
2021-07-25_D23,78
2021-07-25_D22,78
2021-07-25_D15,78
2021-07-25_D21,78
2021-07-25_D16,78
2021-07-25_D12,78
2021-07-25_D14,78
2021-07-25_D11,78
2021-07-25_D13,78
2021-07-25_D18,78
2021-07-25_D30,78
2021-07-25_D19,78
2021-07-25_D24,78
2021-07-25_D20,78
2021-07-25_D25,78
2021-07-25_D17,78
2021-07-25_D28,78
2021-07-25_D26,78
2021-07-25_D75,78
2021-07-25_D79,78
2021-07-25_D71,78
2021-07-25_D74,78
2021-07-25_D77,78
2021-07-25_D80,78
2021-07-25_D78,78
2021-07-25_D72,78
2021-07-25_D73,78
2021-07-25_D76,78
2021-07-25_D68,78
2021-07-25_D70,78
2021-07-25_D61,78
2021-07-25_D67,78
2021-07-25_D52,78
2021-07-25_D56,78
2021-07-25_D63,78
2021-07-25_D55,78
2021-07-25_D51,78
2021-07-25_D65,78
2021-07-25_D62,78
2021-07-25_D66,78
2021-07-25_D58,78
2021-07-25_D53,78
2021-07-25_D64,78
2021-07-25_D60,78
2021-07-25_D54,78
2021-07-25_D69,78
2021-07-25_D59,78
2021-07-25_D57,78
2021-07-24_D33,78
2021-07-24_D37,78
2021-07-24_D34,78
2021-07-24_D45,78
2021-07-24_D50,78
2021-07-24_D32,78
2021-07-24_D49,78
2021-07-24_D48,78
2021-07-24_D42,78
2021-07-24_D38,78
2021-07-24_D43,78
2021-07-24_D39,78
2021-07-24_D36,78
2021-07-24_D35,78
2021-07-24_D40,78
2021-07-24_D47,78
2021-07-24_D41,78
2021-07-24_D46,78
2021-07-24_D44,78
2021-07-24_D31,78
2021-07-24_D4,78
2021-07-24_D9,78
2021-07-24_D1,78
2021-07-24_D10,78
2021-07-24_D5,78
2021-07-24_D7,78
2021-07-24_D3,78
2021-07-24_D6,78
2021-07-24_D8,78
2021-07-24_D2,78
2021-07-24_D29,78
2021-07-24_D23,78
2021-07-24_D22,78
2021-07-24_D27,78
2021-07-24_D15,78
2021-07-24_D21,78
2021-07-24_D16,78
2021-07-24_D12,78
2021-07-24_D14,78
2021-07-24_D11,78
2021-07-24_D13,78
2021-07-24_D18,78
2021-07-24_D30,78
2021-07-24_D19,78
2021-07-24_D24,78
2021-07-24_D20,78
2021-07-24_D25,78
2021-07-24_D17,78
2021-07-24_D28,78
2021-07-24_D26,78
2021-07-24_D75,78
2021-07-24_D79,78
2021-07-24_D71,78
2021-07-24_D74,78
2021-07-24_D77,78
2021-07-24_D80,78
2021-07-24_D78,78
2021-07-24_D72,78
2021-07-24_D73,78
2021-07-24_D76,78
2021-07-24_D68,78
2021-07-24_D70,78
2021-07-24_D61,78
2021-07-24_D67,78
2021-07-24_D52,78
2021-07-24_D56,78
2021-07-24_D63,78
2021-07-24_D55,78
2021-07-24_D51,78
2021-07-24_D65,78
2021-07-24_D62,78
2021-07-24_D66,78
2021-07-24_D58,78
2021-07-24_D53,78
2021-07-24_D64,78
2021-07-24_D60,78
2021-07-24_D54,78
2021-07-24_D69,78
2021-07-24_D59,78
2021-07-24_D57,78
2021-07-23_D33,78
2021-07-23_D37,78
2021-07-23_D34,78
2021-07-23_D45,78
2021-07-23_D50,78
2021-07-23_D32,78
2021-07-23_D49,78
2021-07-23_D48,78
2021-07-23_D42,78
2021-07-23_D38,78
2021-07-23_D43,78
2021-07-23_D39,78
2021-07-23_D36,78
2021-07-23_D35,78
2021-07-23_D40,78
2021-07-23_D47,78
2021-07-23_D41,78
2021-07-23_D46,78
2021-07-23_D44,78
2021-07-23_D31,78
2021-07-23_D4,78
2021-07-23_D9,78
2021-07-23_D1,78
2021-07-23_D10,78
2021-07-23_D5,78
2021-07-23_D7,78
2021-07-23_D3,78
2021-07-23_D6,78
2021-07-23_D8,78
2021-07-23_D2,78
2021-07-23_D29,78
2021-07-23_D23,78
2021-07-23_D22,78
2021-07-23_D27,78
2021-07-23_D15,78
2021-07-23_D21,78
2021-07-23_D16,78
2021-07-23_D12,78
2021-07-23_D14,78
2021-07-23_D11,78
2021-07-23_D13,78
2021-07-23_D18,78
2021-07-23_D30,78
2021-07-23_D19,78
2021-07-23_D24,78
2021-07-23_D20,78
2021-07-23_D25,78
2021-07-23_D17,78
2021-07-23_D28,78
2021-07-23_D26,78
2021-07-23_D75,78
2021-07-23_D79,78
2021-07-23_D71,78
2021-07-23_D74,78
2021-07-23_D77,78
2021-07-23_D80,78
2021-07-23_D78,78
2021-07-23_D72,78
2021-07-23_D73,78
2021-07-23_D76,78
2021-07-23_D68,78
2021-07-23_D70,78
2021-07-23_D61,78
2021-07-23_D67,78
2021-07-23_D52,78
2021-07-23_D56,78
2021-07-23_D63,78
2021-07-23_D55,78
2021-07-23_D51,78
2021-07-23_D65,78
2021-07-23_D62,78
2021-07-23_D66,78
2021-07-23_D58,78
2021-07-23_D53,78
2021-07-23_D64,78
2021-07-23_D60,78
2021-07-23_D54,78
2021-07-23_D69,78
2021-07-23_D59,78
2021-07-23_D57,78
2021-07-22_D33,78
2021-07-22_D37,78
2021-07-22_D34,78
2021-07-22_D45,78
2021-07-22_D50,78
2021-07-22_D32,78
2021-07-22_D49,78
2021-07-22_D48,78
2021-07-22_D42,78
2021-07-22_D38,78
2021-07-22_D43,78
2021-07-22_D39,78
2021-07-22_D36,78
2021-07-22_D35,78
2021-07-22_D40,78
2021-07-22_D47,78
2021-07-22_D41,78
2021-07-22_D46,78
2021-07-22_D44,78
2021-07-22_D31,78
2021-07-22_D4,78
2021-07-22_D9,78
2021-07-22_D1,78
2021-07-22_D10,78
2021-07-22_D5,78
2021-07-22_D7,78
2021-07-22_D3,78
2021-07-22_D6,78
2021-07-22_D8,78
2021-07-22_D2,78
2021-07-22_D29,78
2021-07-22_D23,78
2021-07-22_D22,78
2021-07-22_D27,78
2021-07-22_D15,78
2021-07-22_D21,78
2021-07-22_D16,78
2021-07-22_D12,78
2021-07-22_D14,78
2021-07-22_D11,78
2021-07-22_D13,78
2021-07-22_D18,78
2021-07-22_D30,78
2021-07-22_D19,78
2021-07-22_D24,78
2021-07-22_D20,78
2021-07-22_D25,78
2021-07-22_D17,78
2021-07-22_D28,78
2021-07-22_D26,78
2021-07-22_D75,78
2021-07-22_D79,78
2021-07-22_D71,78
2021-07-22_D74,78
2021-07-22_D77,78
2021-07-22_D80,78
2021-07-22_D78,78
2021-07-22_D72,78
2021-07-22_D73,78
2021-07-22_D76,78
2021-07-22_D68,78
2021-07-22_D70,78
2021-07-22_D61,78
2021-07-22_D67,78
2021-07-22_D52,78
2021-07-22_D56,78
2021-07-22_D63,78
2021-07-22_D55,78
2021-07-22_D51,78
2021-07-22_D65,78
2021-07-22_D62,78
2021-07-22_D66,78
2021-07-22_D58,78
2021-07-22_D53,78
2021-07-22_D64,78
2021-07-22_D60,78
2021-07-22_D54,78
2021-07-22_D69,78
2021-07-22_D59,78
2021-07-22_D57,78
2021-07-21_D33,78
2021-07-21_D37,78
2021-07-21_D34,78
2021-07-21_D45,78
2021-07-21_D50,78
2021-07-21_D32,78
2021-07-21_D49,78
2021-07-21_D48,78
2021-07-21_D42,78
2021-07-21_D38,78
2021-07-21_D43,78
2021-07-21_D39,78
2021-07-21_D36,78
2021-07-21_D35,78
2021-07-21_D40,78
2021-07-21_D47,78
2021-07-21_D41,78
2021-07-21_D46,78
2021-07-21_D44,78
2021-07-21_D31,78
2021-07-21_D4,78
2021-07-21_D9,78
2021-07-21_D1,78
2021-07-21_D10,78
2021-07-21_D5,78
2021-07-21_D7,78
2021-07-21_D3,78
2021-07-21_D6,78
2021-07-21_D8,78
2021-07-21_D2,78
2021-07-21_D29,78
2021-07-21_D23,78
2021-07-21_D22,78
2021-07-21_D27,78
2021-07-21_D15,78
2021-07-21_D21,78
2021-07-21_D16,78
2021-07-21_D12,78
2021-07-21_D14,78
2021-07-21_D11,78
2021-07-21_D13,78
2021-07-21_D18,78
2021-07-21_D30,78
2021-07-21_D19,78
2021-07-21_D24,78
2021-07-21_D20,78
2021-07-21_D25,78
2021-07-21_D17,78
2021-07-21_D28,78
2021-07-21_D26,78
2021-07-21_D75,78
2021-07-21_D79,78
2021-07-21_D71,78
2021-07-21_D74,78
2021-07-21_D77,78
2021-07-21_D80,78
2021-07-21_D78,78
2021-07-21_D72,78
2021-07-21_D73,78
2021-07-21_D76,78
2021-07-21_D68,78
2021-07-21_D70,78
2021-07-21_D61,78
2021-07-21_D67,78
2021-07-21_D52,78
2021-07-21_D56,78
2021-07-21_D63,78
2021-07-21_D55,78
2021-07-21_D51,78
2021-07-21_D65,78
2021-07-21_D62,78
2021-07-21_D66,78
2021-07-21_D58,78
2021-07-21_D53,78
2021-07-21_D64,78
2021-07-21_D60,78
2021-07-21_D54,78
2021-07-21_D69,78
2021-07-21_D59,78
2021-07-21_D57,78
2021-07-20_D33,78
2021-07-20_D37,78
2021-07-20_D34,78
2021-07-20_D45,78
2021-07-20_D50,78
2021-07-20_D32,78
2021-07-20_D49,78
2021-07-20_D48,78
2021-07-20_D42,78
2021-07-20_D38,78
2021-07-20_D43,78
2021-07-20_D39,78
2021-07-20_D36,78
2021-07-20_D35,78
2021-07-20_D40,78
2021-07-20_D47,78
2021-07-20_D41,78
2021-07-20_D46,78
2021-07-20_D44,78
2021-07-20_D31,78
2021-07-20_D4,78
2021-07-20_D9,78
2021-07-20_D1,78
2021-07-20_D10,78
2021-07-20_D5,78
2021-07-20_D7,78
2021-07-20_D3,78
2021-07-20_D6,78
2021-07-20_D8,78
2021-07-20_D2,78
2021-07-20_D29,78
2021-07-20_D23,78
2021-07-20_D22,78
2021-07-20_D27,78
2021-07-20_D15,78
2021-07-20_D21,78
2021-07-20_D16,78
2021-07-20_D12,78
2021-07-20_D14,78
2021-07-20_D11,78
2021-07-20_D13,78
2021-07-20_D18,78
2021-07-20_D30,78
2021-07-20_D19,78
2021-07-20_D24,78
2021-07-20_D20,78
2021-07-20_D25,78
2021-07-20_D17,78
2021-07-20_D28,78
2021-07-20_D26,78
2021-07-20_D75,78
2021-07-20_D79,78
2021-07-20_D71,78
2021-07-20_D74,78
2021-07-20_D77,78
2021-07-20_D80,78
2021-07-20_D78,78
2021-07-20_D72,78
2021-07-20_D73,78
2021-07-20_D76,78
2021-07-20_D68,78
2021-07-20_D70,78
2021-07-20_D61,78
2021-07-20_D67,78
2021-07-20_D52,78
2021-07-20_D56,78
2021-07-20_D63,78
2021-07-20_D55,78
2021-07-20_D51,78
2021-07-20_D65,78
2021-07-20_D62,78
2021-07-20_D66,78
2021-07-20_D58,78
2021-07-20_D53,78
2021-07-20_D64,78
2021-07-20_D60,78
2021-07-20_D54,78
2021-07-20_D69,78
2021-07-20_D59,78
2021-07-20_D57,78
2021-07-19_D33,78
2021-07-19_D37,78
2021-07-19_D34,78
2021-07-19_D45,78
2021-07-19_D50,78
2021-07-19_D32,78
2021-07-19_D49,78
2021-07-19_D48,78
2021-07-19_D42,78
2021-07-19_D38,78
2021-07-19_D43,78
2021-07-19_D39,78
2021-07-19_D36,78
2021-07-19_D35,78
2021-07-19_D40,78
2021-07-19_D47,78
2021-07-19_D41,78
2021-07-19_D46,78
2021-07-19_D44,78
2021-07-19_D31,78
2021-07-19_D4,78
2021-07-19_D9,78
2021-07-19_D1,78
2021-07-19_D10,78
2021-07-19_D5,78
2021-07-19_D7,78
2021-07-19_D3,78
2021-07-19_D6,78
2021-07-19_D8,78
2021-07-19_D2,78
2021-07-19_D29,78
2021-07-19_D23,78
2021-07-19_D22,78
2021-07-19_D27,78
2021-07-19_D15,78
2021-07-19_D21,78
2021-07-19_D16,78
2021-07-19_D12,78
2021-07-19_D14,78
2021-07-19_D11,78
2021-07-19_D13,78
2021-07-19_D18,78
2021-07-19_D30,78
2021-07-19_D19,78
2021-07-19_D24,78
2021-07-19_D20,78
2021-07-19_D25,78
2021-07-19_D17,78
2021-07-19_D28,78
2021-07-19_D26,78
2021-07-19_D75,78
2021-07-19_D79,78
2021-07-19_D71,78
2021-07-19_D74,78
2021-07-19_D77,78
2021-07-19_D80,78
2021-07-19_D78,78
2021-07-19_D72,78
2021-07-19_D73,78
2021-07-19_D76,78
2021-07-19_D68,78
2021-07-19_D70,78
2021-07-19_D61,78
2021-07-19_D67,78
2021-07-19_D52,78
2021-07-19_D56,78
2021-07-19_D63,78
2021-07-19_D55,78
2021-07-19_D51,78
2021-07-19_D65,78
2021-07-19_D62,78
2021-07-19_D66,78
2021-07-19_D58,78
2021-07-19_D53,78
2021-07-19_D64,78
2021-07-19_D60,78
2021-07-19_D54,78
2021-07-19_D69,78
2021-07-19_D59,78
2021-07-19_D57,78
2021-07-18_D4,78
2021-07-18_D9,78
2021-07-18_D1,78
2021-07-18_D10,78
2021-07-18_D5,78
2021-07-18_D7,78
2021-07-18_D3,78
2021-07-18_D6,78
2021-07-18_D8,78
2021-07-18_D29,78
2021-07-18_D23,78
2021-07-18_D22,78
2021-07-18_D15,78
2021-07-18_D21,78
2021-07-18_D16,78
2021-07-18_D12,78
2021-07-18_D14,78
2021-07-18_D11,78
2021-07-18_D13,78
2021-07-18_D18,78
2021-07-18_D30,78
2021-07-18_D19,78
2021-07-18_D24,78
2021-07-18_D20,78
2021-07-18_D25,78
2021-07-18_D17,78
2021-07-18_D28,78
2021-07-18_D26,78
2021-07-18_D75,78
2021-07-18_D79,78
2021-07-18_D71,78
2021-07-18_D74,78
2021-07-18_D77,78
2021-07-18_D80,78
2021-07-18_D78,78
2021-07-18_D72,78
2021-07-18_D73,78
2021-07-18_D76,78
2021-07-18_D68,78
2021-07-18_D70,78
2021-07-18_D61,78
2021-07-18_D67,78
2021-07-18_D52,78
2021-07-18_D56,78
2021-07-18_D63,78
2021-07-18_D55,78
2021-07-18_D51,78
2021-07-18_D65,78
2021-07-18_D62,78
2021-07-18_D66,78
2021-07-18_D58,78
2021-07-18_D53,78
2021-07-18_D64,78
2021-07-18_D60,78
2021-07-18_D54,78
2021-07-18_D69,78
2021-07-18_D59,78
2021-07-18_D57,78
2021-07-17_D33,78
2021-07-17_D37,78
2021-07-17_D34,78
2021-07-17_D45,78
2021-07-17_D50,78
2021-07-17_D32,78
2021-07-17_D49,78
2021-07-17_D48,78
2021-07-17_D42,78
2021-07-17_D38,78
2021-07-17_D43,78
2021-07-17_D39,78
2021-07-17_D36,78
2021-07-17_D35,78
2021-07-17_D40,78
2021-07-17_D47,78
2021-07-17_D41,78
2021-07-17_D46,78
2021-07-17_D44,78
2021-07-17_D31,78
2021-07-17_D4,78
2021-07-17_D9,78
2021-07-17_D1,78
2021-07-17_D10,78
2021-07-17_D5,78
2021-07-17_D7,78
2021-07-17_D3,78
2021-07-17_D6,78
2021-07-17_D8,78
2021-07-17_D2,78
2021-07-17_D29,78
2021-07-17_D23,78
2021-07-17_D22,78
2021-07-17_D27,78
2021-07-17_D15,78
2021-07-17_D21,78
2021-07-17_D16,78
2021-07-17_D12,78
2021-07-17_D14,78
2021-07-17_D11,78
2021-07-17_D13,78
2021-07-17_D18,78
2021-07-17_D30,78
2021-07-17_D19,78
2021-07-17_D24,78
2021-07-17_D20,78
2021-07-17_D25,78
2021-07-17_D17,78
2021-07-17_D28,78
2021-07-17_D26,78
2021-07-17_D75,78
2021-07-17_D79,78
2021-07-17_D71,78
2021-07-17_D74,78
2021-07-17_D77,78
2021-07-17_D80,78
2021-07-17_D78,78
2021-07-17_D72,78
2021-07-17_D73,78
2021-07-17_D76,78
2021-07-17_D68,78
2021-07-17_D70,78
2021-07-17_D61,78
2021-07-17_D67,78
2021-07-17_D52,78
2021-07-17_D56,78
2021-07-17_D63,78
2021-07-17_D55,78
2021-07-17_D51,78
2021-07-17_D65,78
2021-07-17_D62,78
2021-07-17_D66,78
2021-07-17_D58,78
2021-07-17_D53,78
2021-07-17_D64,78
2021-07-17_D60,78
2021-07-17_D54,78
2021-07-17_D69,78
2021-07-17_D59,78
2021-07-17_D57,78
2021-07-16_D33,78
2021-07-16_D37,78
2021-07-16_D34,78
2021-07-16_D45,78
2021-07-16_D50,78
2021-07-16_D32,78
2021-07-16_D49,78
2021-07-16_D48,78
2021-07-16_D42,78
2021-07-16_D38,78
2021-07-16_D43,78
2021-07-16_D39,78
2021-07-16_D36,78
2021-07-16_D35,78
2021-07-16_D40,78
2021-07-16_D47,78
2021-07-16_D41,78
2021-07-16_D46,78
2021-07-16_D44,78
2021-07-16_D31,78
2021-07-16_D4,78
2021-07-16_D9,78
2021-07-16_D1,78
2021-07-16_D10,78
2021-07-16_D5,78
2021-07-16_D7,78
2021-07-16_D3,78
2021-07-16_D6,78
2021-07-16_D8,78
2021-07-16_D2,78
2021-07-16_D29,78
2021-07-16_D23,78
2021-07-16_D22,78
2021-07-16_D27,78
2021-07-16_D15,78
2021-07-16_D21,78
2021-07-16_D16,78
2021-07-16_D12,78
2021-07-16_D14,78
2021-07-16_D11,78
2021-07-16_D13,78
2021-07-16_D18,78
2021-07-16_D30,78
2021-07-16_D19,78
2021-07-16_D24,78
2021-07-16_D20,78
2021-07-16_D25,78
2021-07-16_D17,78
2021-07-16_D28,78
2021-07-16_D26,78
2021-07-16_D75,78
2021-07-16_D79,78
2021-07-16_D71,78
2021-07-16_D74,78
2021-07-16_D77,78
2021-07-16_D80,78
2021-07-16_D78,78
2021-07-16_D72,78
2021-07-16_D73,78
2021-07-16_D76,78
2021-07-16_D68,78
2021-07-16_D70,78
2021-07-16_D61,78
2021-07-16_D67,78
2021-07-16_D52,78
2021-07-16_D56,78
2021-07-16_D63,78
2021-07-16_D55,78
2021-07-16_D51,78
2021-07-16_D65,78
2021-07-16_D62,78
2021-07-16_D66,78
2021-07-16_D58,78
2021-07-16_D53,78
2021-07-16_D64,78
2021-07-16_D60,78
2021-07-16_D54,78
2021-07-16_D69,78
2021-07-16_D59,78
2021-07-16_D57,78
2021-07-15_D33,78
2021-07-15_D37,78
2021-07-15_D34,78
2021-07-15_D45,78
2021-07-15_D50,78
2021-07-15_D32,78
2021-07-15_D49,78
2021-07-15_D48,78
2021-07-15_D42,78
2021-07-15_D38,78
2021-07-15_D43,78
2021-07-15_D39,78
2021-07-15_D36,78
2021-07-15_D35,78
2021-07-15_D40,78
2021-07-15_D47,78
2021-07-15_D41,78
2021-07-15_D46,78
2021-07-15_D44,78
2021-07-15_D31,78
2021-07-15_D4,78
2021-07-15_D9,78
2021-07-15_D1,78
2021-07-15_D10,78
2021-07-15_D5,78
2021-07-15_D7,78
2021-07-15_D3,78
2021-07-15_D6,78
2021-07-15_D8,78
2021-07-15_D2,78
2021-07-15_D23,78
2021-07-15_D22,78
2021-07-15_D27,78
2021-07-15_D15,78
2021-07-15_D21,78
2021-07-15_D16,78
2021-07-15_D12,78
2021-07-15_D14,78
2021-07-15_D11,78
2021-07-15_D13,78
2021-07-15_D18,78
2021-07-15_D30,78
2021-07-15_D19,78
2021-07-15_D24,78
2021-07-15_D20,78
2021-07-15_D25,78
2021-07-15_D17,78
2021-07-15_D28,78
2021-07-15_D26,78
2021-07-15_D75,78
2021-07-15_D79,78
2021-07-15_D71,78
2021-07-15_D74,78
2021-07-15_D77,78
2021-07-15_D80,78
2021-07-15_D78,78
2021-07-15_D72,78
2021-07-15_D73,78
2021-07-15_D76,78
2021-07-15_D68,78
2021-07-15_D70,78
2021-07-15_D61,78
2021-07-15_D67,78
2021-07-15_D52,78
2021-07-15_D56,78
2021-07-15_D63,78
2021-07-15_D55,78
2021-07-15_D51,78
2021-07-15_D65,78
2021-07-15_D62,78
2021-07-15_D66,78
2021-07-15_D58,78
2021-07-15_D53,78
2021-07-15_D64,78
2021-07-15_D60,78
2021-07-15_D54,78
2021-07-15_D69,78
2021-07-15_D59,78
2021-07-15_D57,78
2021-07-14_D33,78
2021-07-14_D37,78
2021-07-14_D34,78
2021-07-14_D45,78
2021-07-14_D50,78
2021-07-14_D32,78
2021-07-14_D49,78
2021-07-14_D48,78
2021-07-14_D42,78
2021-07-14_D38,78
2021-07-14_D43,78
2021-07-14_D39,78
2021-07-14_D36,78
2021-07-14_D35,78
2021-07-14_D40,78
2021-07-14_D47,78
2021-07-14_D41,78
2021-07-14_D46,78
2021-07-14_D44,78
2021-07-14_D31,78
2021-07-14_D4,78
2021-07-14_D9,78
2021-07-14_D1,78
2021-07-14_D10,78
2021-07-14_D5,78
2021-07-14_D7,78
2021-07-14_D3,78
2021-07-14_D6,78
2021-07-14_D8,78
2021-07-14_D2,78
2021-07-14_D29,78
2021-07-14_D15,78
2021-07-14_D21,78
2021-07-14_D16,78
2021-07-14_D12,78
2021-07-14_D14,78
2021-07-14_D11,78
2021-07-14_D13,78
2021-07-14_D18,78
2021-07-14_D30,78
2021-07-14_D19,78
2021-07-14_D24,78
2021-07-14_D20,78
2021-07-14_D25,78
2021-07-14_D17,78
2021-07-14_D28,78
2021-07-14_D26,78
2021-07-14_D75,78
2021-07-14_D79,78
2021-07-14_D71,78
2021-07-14_D74,78
2021-07-14_D77,78
2021-07-14_D80,78
2021-07-14_D78,78
2021-07-14_D72,78
2021-07-14_D73,78
2021-07-14_D76,78
2021-07-14_D68,78
2021-07-14_D70,78
2021-07-14_D61,78
2021-07-14_D67,78
2021-07-14_D52,78
2021-07-14_D56,78
2021-07-14_D63,78
2021-07-14_D55,78
2021-07-14_D51,78
2021-07-14_D65,78
2021-07-14_D62,78
2021-07-14_D66,78
2021-07-14_D58,78
2021-07-14_D53,78
2021-07-14_D64,78
2021-07-14_D60,78
2021-07-14_D54,78
2021-07-14_D69,78
2021-07-14_D59,78
2021-07-14_D57,78
2021-07-13_D33,78
2021-07-13_D37,78
2021-07-13_D34,78
2021-07-13_D45,78
2021-07-13_D50,78
2021-07-13_D32,78
2021-07-13_D49,78
2021-07-13_D48,78
2021-07-13_D42,78
2021-07-13_D38,78
2021-07-13_D43,78
2021-07-13_D39,78
2021-07-13_D36,78
2021-07-13_D35,78
2021-07-13_D40,78
2021-07-13_D47,78
2021-07-13_D41,78
2021-07-13_D46,78
2021-07-13_D44,78
2021-07-13_D31,78
2021-07-13_D4,78
2021-07-13_D9,78
2021-07-13_D1,78
2021-07-13_D10,78
2021-07-13_D5,78
2021-07-13_D7,78
2021-07-13_D3,78
2021-07-13_D6,78
2021-07-13_D8,78
2021-07-13_D2,78
2021-07-13_D29,78
2021-07-13_D23,78
2021-07-13_D22,78
2021-07-13_D27,78
2021-07-13_D15,78
2021-07-13_D21,78
2021-07-13_D16,78
2021-07-13_D12,78
2021-07-13_D14,78
2021-07-13_D11,78
2021-07-13_D13,78
2021-07-13_D18,78
2021-07-13_D30,78
2021-07-13_D19,78
2021-07-13_D24,78
2021-07-13_D20,78
2021-07-13_D25,78
2021-07-13_D17,78
2021-07-13_D28,78
2021-07-13_D26,78
2021-07-13_D75,78
2021-07-13_D79,78
2021-07-13_D71,78
2021-07-13_D74,78
2021-07-13_D77,78
2021-07-13_D80,78
2021-07-13_D78,78
2021-07-13_D72,78
2021-07-13_D73,78
2021-07-13_D76,78
2021-07-13_D68,78
2021-07-13_D70,78
2021-07-13_D61,78
2021-07-13_D67,78
2021-07-13_D52,78
2021-07-13_D56,78
2021-07-13_D63,78
2021-07-13_D55,78
2021-07-13_D51,78
2021-07-13_D65,78
2021-07-13_D62,78
2021-07-13_D66,78
2021-07-13_D58,78
2021-07-13_D53,78
2021-07-13_D64,78
2021-07-13_D60,78
2021-07-13_D54,78
2021-07-13_D69,78
2021-07-13_D59,78
2021-07-13_D57,78
2021-07-12_D33,78
2021-07-12_D37,78
2021-07-12_D34,78
2021-07-12_D45,78
2021-07-12_D50,78
2021-07-12_D32,78
2021-07-12_D49,78
2021-07-12_D48,78
2021-07-12_D42,78
2021-07-12_D38,78
2021-07-12_D43,78
2021-07-12_D39,78
2021-07-12_D36,78
2021-07-12_D35,78
2021-07-12_D40,78
2021-07-12_D47,78
2021-07-12_D41,78
2021-07-12_D46,78
2021-07-12_D44,78
2021-07-12_D31,78
2021-07-12_D4,78
2021-07-12_D9,78
2021-07-12_D1,78
2021-07-12_D10,78
2021-07-12_D5,78
2021-07-12_D7,78
2021-07-12_D3,78
2021-07-12_D6,78
2021-07-12_D8,78
2021-07-12_D2,78
2021-07-12_D29,78
2021-07-12_D23,78
2021-07-12_D22,78
2021-07-12_D27,78
2021-07-12_D15,78
2021-07-12_D21,78
2021-07-12_D16,78
2021-07-12_D12,78
2021-07-12_D14,78
2021-07-12_D11,78
2021-07-12_D13,78
2021-07-12_D18,78
2021-07-12_D30,78
2021-07-12_D19,78
2021-07-12_D24,78
2021-07-12_D20,78
2021-07-12_D25,78
2021-07-12_D17,78
2021-07-12_D28,78
2021-07-12_D26,78
2021-07-12_D75,78
2021-07-12_D79,78
2021-07-12_D71,78
2021-07-12_D74,78
2021-07-12_D77,78
2021-07-12_D80,78
2021-07-12_D78,78
2021-07-12_D72,78
2021-07-12_D73,78
2021-07-12_D76,78
2021-07-12_D68,78
2021-07-12_D70,78
2021-07-12_D61,78
2021-07-12_D67,78
2021-07-12_D52,78
2021-07-12_D56,78
2021-07-12_D63,78
2021-07-12_D55,78
2021-07-12_D51,78
2021-07-12_D65,78
2021-07-12_D62,78
2021-07-12_D66,78
2021-07-12_D58,78
2021-07-12_D53,78
2021-07-12_D64,78
2021-07-12_D60,78
2021-07-12_D54,78
2021-07-12_D69,78
2021-07-12_D59,78
2021-07-12_D57,78
2021-07-11_D4,78
2021-07-11_D9,78
2021-07-11_D1,78
2021-07-11_D10,78
2021-07-11_D5,78
2021-07-11_D7,78
2021-07-11_D3,78
2021-07-11_D6,78
2021-07-11_D8,78
2021-07-11_D29,78
2021-07-11_D23,78
2021-07-11_D22,78
2021-07-11_D15,78
2021-07-11_D21,78
2021-07-11_D16,78
2021-07-11_D12,78
2021-07-11_D14,78
2021-07-11_D11,78
2021-07-11_D13,78
2021-07-11_D18,78
2021-07-11_D30,78
2021-07-11_D19,78
2021-07-11_D24,78
2021-07-11_D20,78
2021-07-11_D25,78
2021-07-11_D17,78
2021-07-11_D28,78
2021-07-11_D26,78
2021-07-11_D75,78
2021-07-11_D79,78
2021-07-11_D71,78
2021-07-11_D74,78
2021-07-11_D77,78
2021-07-11_D80,78
2021-07-11_D78,78
2021-07-11_D72,78
2021-07-11_D73,78
2021-07-11_D76,78
2021-07-11_D68,78
2021-07-11_D70,78
2021-07-11_D61,78
2021-07-11_D67,78
2021-07-11_D52,78
2021-07-11_D56,78
2021-07-11_D63,78
2021-07-11_D55,78
2021-07-11_D51,78
2021-07-11_D65,78
2021-07-11_D62,78
2021-07-11_D66,78
2021-07-11_D58,78
2021-07-11_D53,78
2021-07-11_D64,78
2021-07-11_D60,78
2021-07-11_D54,78
2021-07-11_D69,78
2021-07-11_D59,78
2021-07-11_D57,78
2021-07-10_D33,78
2021-07-10_D37,78
2021-07-10_D34,78
2021-07-10_D45,78
2021-07-10_D50,78
2021-07-10_D32,78
2021-07-10_D49,78
2021-07-10_D48,78
2021-07-10_D42,78
2021-07-10_D38,78
2021-07-10_D43,78
2021-07-10_D39,78
2021-07-10_D36,78
2021-07-10_D35,78
2021-07-10_D40,78
2021-07-10_D47,78
2021-07-10_D41,78
2021-07-10_D46,78
2021-07-10_D44,78
2021-07-10_D31,78
2021-07-10_D4,78
2021-07-10_D9,78
2021-07-10_D1,78
2021-07-10_D10,78
2021-07-10_D5,78
2021-07-10_D7,78
2021-07-10_D3,78
2021-07-10_D6,78
2021-07-10_D8,78
2021-07-10_D2,78
2021-07-10_D29,78
2021-07-10_D23,78
2021-07-10_D22,78
2021-07-10_D27,78
2021-07-10_D15,78
2021-07-10_D21,78
2021-07-10_D16,78
2021-07-10_D12,78
2021-07-10_D14,78
2021-07-10_D11,78
2021-07-10_D13,78
2021-07-10_D18,78
2021-07-10_D30,78
2021-07-10_D19,78
2021-07-10_D24,78
2021-07-10_D20,78
2021-07-10_D25,78
2021-07-10_D17,78
2021-07-10_D28,78
2021-07-10_D26,78
2021-07-10_D75,78
2021-07-10_D79,78
2021-07-10_D71,78
2021-07-10_D74,78
2021-07-10_D77,78
2021-07-10_D80,78
2021-07-10_D78,78
2021-07-10_D72,78
2021-07-10_D73,78
2021-07-10_D76,78
2021-07-10_D68,78
2021-07-10_D70,78
2021-07-10_D61,78
2021-07-10_D67,78
2021-07-10_D52,78
2021-07-10_D56,78
2021-07-10_D63,78
2021-07-10_D55,78
2021-07-10_D51,78
2021-07-10_D65,78
2021-07-10_D62,78
2021-07-10_D66,78
2021-07-10_D58,78
2021-07-10_D53,78
2021-07-10_D64,78
2021-07-10_D60,78
2021-07-10_D54,78
2021-07-10_D69,78
2021-07-10_D59,78
2021-07-10_D57,78
2021-07-09_D33,78
2021-07-09_D37,78
2021-07-09_D34,78
2021-07-09_D45,78
2021-07-09_D50,78
2021-07-09_D32,78
2021-07-09_D49,78
2021-07-09_D48,78
2021-07-09_D42,78
2021-07-09_D38,78
2021-07-09_D43,78
2021-07-09_D39,78
2021-07-09_D36,78
2021-07-09_D35,78
2021-07-09_D40,78
2021-07-09_D47,78
2021-07-09_D41,78
2021-07-09_D46,78
2021-07-09_D44,78
2021-07-09_D31,78
2021-07-09_D4,78
2021-07-09_D9,78
2021-07-09_D1,78
2021-07-09_D10,78
2021-07-09_D5,78
2021-07-09_D7,78
2021-07-09_D3,78
2021-07-09_D6,78
2021-07-09_D8,78
2021-07-09_D2,78
2021-07-09_D29,78
2021-07-09_D23,78
2021-07-09_D22,78
2021-07-09_D27,78
2021-07-09_D15,78
2021-07-09_D21,78
2021-07-09_D16,78
2021-07-09_D12,78
2021-07-09_D14,78
2021-07-09_D11,78
2021-07-09_D13,78
2021-07-09_D18,78
2021-07-09_D30,78
2021-07-09_D19,78
2021-07-09_D24,78
2021-07-09_D20,78
2021-07-09_D25,78
2021-07-09_D17,78
2021-07-09_D28,78
2021-07-09_D26,78
2021-07-09_D75,78
2021-07-09_D79,78
2021-07-09_D71,78
2021-07-09_D74,78
2021-07-09_D77,78
2021-07-09_D80,78
2021-07-09_D78,78
2021-07-09_D72,78
2021-07-09_D73,78
2021-07-09_D76,78
2021-07-09_D68,78
2021-07-09_D70,78
2021-07-09_D61,78
2021-07-09_D67,78
2021-07-09_D52,78
2021-07-09_D56,78
2021-07-09_D63,78
2021-07-09_D55,78
2021-07-09_D51,78
2021-07-09_D65,78
2021-07-09_D62,78
2021-07-09_D66,78
2021-07-09_D58,78
2021-07-09_D53,78
2021-07-09_D64,78
2021-07-09_D60,78
2021-07-09_D54,78
2021-07-09_D69,78
2021-07-09_D59,78
2021-07-09_D57,78
2021-07-08_D33,78
2021-07-08_D37,78
2021-07-08_D34,78
2021-07-08_D45,78
2021-07-08_D50,78
2021-07-08_D32,78
2021-07-08_D49,78
2021-07-08_D48,78
2021-07-08_D42,78
2021-07-08_D38,78
2021-07-08_D43,78
2021-07-08_D39,78
2021-07-08_D36,78
2021-07-08_D35,78
2021-07-08_D40,78
2021-07-08_D47,78
2021-07-08_D41,78
2021-07-08_D46,78
2021-07-08_D44,78
2021-07-08_D31,78
2021-07-08_D4,78
2021-07-08_D9,78
2021-07-08_D1,78
2021-07-08_D10,78
2021-07-08_D5,78
2021-07-08_D7,78
2021-07-08_D3,78
2021-07-08_D6,78
2021-07-08_D8,78
2021-07-08_D2,78
2021-07-08_D29,78
2021-07-08_D23,78
2021-07-08_D22,78
2021-07-08_D27,78
2021-07-08_D15,78
2021-07-08_D21,78
2021-07-08_D16,78
2021-07-08_D12,78
2021-07-08_D14,78
2021-07-08_D11,78
2021-07-08_D13,78
2021-07-08_D18,78
2021-07-08_D30,78
2021-07-08_D19,78
2021-07-08_D24,78
2021-07-08_D20,78
2021-07-08_D25,78
2021-07-08_D17,78
2021-07-08_D28,78
2021-07-08_D26,78
2021-07-08_D75,78
2021-07-08_D79,78
2021-07-08_D71,78
2021-07-08_D74,78
2021-07-08_D77,78
2021-07-08_D80,78
2021-07-08_D78,78
2021-07-08_D72,78
2021-07-08_D73,78
2021-07-08_D76,78
2021-07-08_D68,78
2021-07-08_D70,78
2021-07-08_D61,78
2021-07-08_D67,78
2021-07-08_D52,78
2021-07-08_D56,78
2021-07-08_D63,78
2021-07-08_D55,78
2021-07-08_D51,78
2021-07-08_D65,78
2021-07-08_D62,78
2021-07-08_D66,78
2021-07-08_D58,78
2021-07-08_D53,78
2021-07-08_D64,78
2021-07-08_D60,78
2021-07-08_D54,78
2021-07-08_D69,78
2021-07-08_D59,78
2021-07-08_D57,78
2021-07-07_D33,78
2021-07-07_D37,78
2021-07-07_D34,78
2021-07-07_D45,78
2021-07-07_D50,78
2021-07-07_D32,78
2021-07-07_D49,78
2021-07-07_D48,78
2021-07-07_D42,78
2021-07-07_D38,78
2021-07-07_D43,78
2021-07-07_D39,78
2021-07-07_D36,78
2021-07-07_D35,78
2021-07-07_D40,78
2021-07-07_D47,78
2021-07-07_D41,78
2021-07-07_D46,78
2021-07-07_D44,78
2021-07-07_D31,78
2021-07-07_D4,78
2021-07-07_D9,78
2021-07-07_D1,78
2021-07-07_D10,78
2021-07-07_D5,78
2021-07-07_D7,78
2021-07-07_D3,78
2021-07-07_D6,78
2021-07-07_D8,78
2021-07-07_D2,78
2021-07-07_D29,78
2021-07-07_D23,78
2021-07-07_D22,78
2021-07-07_D27,78
2021-07-07_D15,78
2021-07-07_D21,78
2021-07-07_D16,78
2021-07-07_D12,78
2021-07-07_D14,78
2021-07-07_D11,78
2021-07-07_D13,78
2021-07-07_D18,78
2021-07-07_D30,78
2021-07-07_D19,78
2021-07-07_D24,78
2021-07-07_D20,78
2021-07-07_D25,78
2021-07-07_D17,78
2021-07-07_D28,78
2021-07-07_D26,78
2021-07-07_D75,78
2021-07-07_D79,78
2021-07-07_D71,78
2021-07-07_D74,78
2021-07-07_D77,78
2021-07-07_D80,78
2021-07-07_D78,78
2021-07-07_D72,78
2021-07-07_D73,78
2021-07-07_D76,78
2021-07-07_D68,78
2021-07-07_D70,78
2021-07-07_D61,78
2021-07-07_D67,78
2021-07-07_D52,78
2021-07-07_D56,78
2021-07-07_D63,78
2021-07-07_D55,78
2021-07-07_D51,78
2021-07-07_D65,78
2021-07-07_D62,78
2021-07-07_D66,78
2021-07-07_D58,78
2021-07-07_D53,78
2021-07-07_D64,78
2021-07-07_D60,78
2021-07-07_D54,78
2021-07-07_D69,78
2021-07-07_D59,78
2021-07-07_D57,78
2021-07-06_D33,78
2021-07-06_D37,78
2021-07-06_D34,78
2021-07-06_D45,78
2021-07-06_D50,78
2021-07-06_D32,78
2021-07-06_D49,78
2021-07-06_D48,78
2021-07-06_D42,78
2021-07-06_D38,78
2021-07-06_D43,78
2021-07-06_D39,78
2021-07-06_D36,78
2021-07-06_D35,78
2021-07-06_D40,78
2021-07-06_D47,78
2021-07-06_D41,78
2021-07-06_D46,78
2021-07-06_D44,78
2021-07-06_D31,78
2021-07-06_D4,78
2021-07-06_D9,78
2021-07-06_D1,78
2021-07-06_D10,78
2021-07-06_D5,78
2021-07-06_D7,78
2021-07-06_D3,78
2021-07-06_D6,78
2021-07-06_D8,78
2021-07-06_D2,78
2021-07-06_D29,78
2021-07-06_D23,78
2021-07-06_D22,78
2021-07-06_D27,78
2021-07-06_D15,78
2021-07-06_D21,78
2021-07-06_D16,78
2021-07-06_D12,78
2021-07-06_D14,78
2021-07-06_D11,78
2021-07-06_D13,78
2021-07-06_D18,78
2021-07-06_D30,78
2021-07-06_D19,78
2021-07-06_D24,78
2021-07-06_D20,78
2021-07-06_D25,78
2021-07-06_D17,78
2021-07-06_D28,78
2021-07-06_D26,78
2021-07-06_D75,78
2021-07-06_D79,78
2021-07-06_D71,78
2021-07-06_D74,78
2021-07-06_D77,78
2021-07-06_D80,78
2021-07-06_D78,78
2021-07-06_D72,78
2021-07-06_D73,78
2021-07-06_D76,78
2021-07-06_D68,78
2021-07-06_D70,78
2021-07-06_D61,78
2021-07-06_D67,78
2021-07-06_D52,78
2021-07-06_D56,78
2021-07-06_D63,78
2021-07-06_D55,78
2021-07-06_D51,78
2021-07-06_D65,78
2021-07-06_D62,78
2021-07-06_D66,78
2021-07-06_D58,78
2021-07-06_D53,78
2021-07-06_D64,78
2021-07-06_D60,78
2021-07-06_D54,78
2021-07-06_D69,78
2021-07-06_D59,78
2021-07-06_D57,78
2021-07-05_D33,78
2021-07-05_D37,78
2021-07-05_D34,78
2021-07-05_D45,78
2021-07-05_D50,78
2021-07-05_D32,78
2021-07-05_D49,78
2021-07-05_D48,78
2021-07-05_D42,78
2021-07-05_D38,78
2021-07-05_D43,78
2021-07-05_D39,78
2021-07-05_D36,78
2021-07-05_D35,78
2021-07-05_D40,78
2021-07-05_D47,78
2021-07-05_D41,78
2021-07-05_D46,78
2021-07-05_D44,78
2021-07-05_D31,78
2021-07-05_D4,78
2021-07-05_D9,78
2021-07-05_D1,78
2021-07-05_D10,78
2021-07-05_D5,78
2021-07-05_D7,78
2021-07-05_D3,78
2021-07-05_D6,78
2021-07-05_D8,78
2021-07-05_D2,78
2021-07-05_D29,78
2021-07-05_D23,78
2021-07-05_D22,78
2021-07-05_D27,78
2021-07-05_D15,78
2021-07-05_D21,78
2021-07-05_D16,78
2021-07-05_D12,78
2021-07-05_D14,78
2021-07-05_D11,78
2021-07-05_D13,78
2021-07-05_D18,78
2021-07-05_D30,78
2021-07-05_D19,78
2021-07-05_D24,78
2021-07-05_D20,78
2021-07-05_D25,78
2021-07-05_D17,78
2021-07-05_D28,78
2021-07-05_D26,78
2021-07-05_D75,78
2021-07-05_D79,78
2021-07-05_D71,78
2021-07-05_D74,78
2021-07-05_D77,78
2021-07-05_D80,78
2021-07-05_D78,78
2021-07-05_D72,78
2021-07-05_D73,78
2021-07-05_D76,78
2021-07-05_D68,78
2021-07-05_D70,78
2021-07-05_D61,78
2021-07-05_D67,78
2021-07-05_D52,78
2021-07-05_D56,78
2021-07-05_D63,78
2021-07-05_D55,78
2021-07-05_D51,78
2021-07-05_D65,78
2021-07-05_D62,78
2021-07-05_D66,78
2021-07-05_D58,78
2021-07-05_D53,78
2021-07-05_D64,78
2021-07-05_D60,78
2021-07-05_D54,78
2021-07-05_D69,78
2021-07-05_D59,78
2021-07-05_D57,78
2021-07-04_D4,78
2021-07-04_D9,78
2021-07-04_D1,78
2021-07-04_D10,78
2021-07-04_D5,78
2021-07-04_D7,78
2021-07-04_D3,78
2021-07-04_D6,78
2021-07-04_D8,78
2021-07-04_D29,78
2021-07-04_D23,78
2021-07-04_D22,78
2021-07-04_D27,78
2021-07-04_D15,78
2021-07-04_D21,78
2021-07-04_D16,78
2021-07-04_D12,78
2021-07-04_D14,78
2021-07-04_D11,78
2021-07-04_D13,78
2021-07-04_D18,78
2021-07-04_D30,78
2021-07-04_D19,78
2021-07-04_D24,78
2021-07-04_D20,78
2021-07-04_D25,78
2021-07-04_D17,78
2021-07-04_D28,78
2021-07-04_D26,78
2021-07-04_D75,78
2021-07-04_D79,78
2021-07-04_D71,78
2021-07-04_D74,78
2021-07-04_D77,78
2021-07-04_D80,78
2021-07-04_D78,78
2021-07-04_D72,78
2021-07-04_D73,78
2021-07-04_D76,78
2021-07-04_D68,78
2021-07-04_D70,78
2021-07-04_D61,78
2021-07-04_D67,78
2021-07-04_D52,78
2021-07-04_D56,78
2021-07-04_D63,78
2021-07-04_D55,78
2021-07-04_D51,78
2021-07-04_D65,78
2021-07-04_D62,78
2021-07-04_D66,78
2021-07-04_D58,78
2021-07-04_D53,78
2021-07-04_D64,78
2021-07-04_D60,78
2021-07-04_D54,78
2021-07-04_D69,78
2021-07-04_D59,78
2021-07-04_D57,78
2021-07-03_D33,78
2021-07-03_D37,78
2021-07-03_D34,78
2021-07-03_D45,78
2021-07-03_D50,78
2021-07-03_D32,78
2021-07-03_D49,78
2021-07-03_D48,78
2021-07-03_D42,78
2021-07-03_D38,78
2021-07-03_D43,78
2021-07-03_D39,78
2021-07-03_D36,78
2021-07-03_D35,78
2021-07-03_D40,78
2021-07-03_D47,78
2021-07-03_D41,78
2021-07-03_D46,78
2021-07-03_D44,78
2021-07-03_D31,78
2021-07-03_D4,78
2021-07-03_D9,78
2021-07-03_D1,78
2021-07-03_D10,78
2021-07-03_D5,78
2021-07-03_D7,78
2021-07-03_D3,78
2021-07-03_D6,78
2021-07-03_D8,78
2021-07-03_D2,78
2021-07-03_D29,78
2021-07-03_D23,78
2021-07-03_D22,78
2021-07-03_D27,78
2021-07-03_D15,78
2021-07-03_D21,78
2021-07-03_D16,78
2021-07-03_D12,78
2021-07-03_D14,78
2021-07-03_D11,78
2021-07-03_D13,78
2021-07-03_D18,78
2021-07-03_D30,78
2021-07-03_D19,78
2021-07-03_D24,78
2021-07-03_D20,78
2021-07-03_D25,78
2021-07-03_D17,78
2021-07-03_D28,78
2021-07-03_D26,78
2021-07-03_D75,78
2021-07-03_D79,78
2021-07-03_D71,78
2021-07-03_D74,78
2021-07-03_D77,78
2021-07-03_D80,78
2021-07-03_D78,78
2021-07-03_D72,78
2021-07-03_D73,78
2021-07-03_D76,78
2021-07-03_D68,78
2021-07-03_D70,78
2021-07-03_D61,78
2021-07-03_D67,78
2021-07-03_D52,78
2021-07-03_D56,78
2021-07-03_D63,78
2021-07-03_D55,78
2021-07-03_D51,78
2021-07-03_D65,78
2021-07-03_D62,78
2021-07-03_D66,78
2021-07-03_D58,78
2021-07-03_D53,78
2021-07-03_D64,78
2021-07-03_D60,78
2021-07-03_D54,78
2021-07-03_D69,78
2021-07-03_D59,78
2021-07-03_D57,78
2021-07-02_D33,78
2021-07-02_D37,78
2021-07-02_D34,78
2021-07-02_D45,78
2021-07-02_D50,78
2021-07-02_D32,78
2021-07-02_D49,78
2021-07-02_D48,78
2021-07-02_D42,78
2021-07-02_D38,78
2021-07-02_D43,78
2021-07-02_D39,78
2021-07-02_D36,78
2021-07-02_D35,78
2021-07-02_D40,78
2021-07-02_D47,78
2021-07-02_D41,78
2021-07-02_D46,78
2021-07-02_D44,78
2021-07-02_D31,78
2021-07-02_D4,78
2021-07-02_D9,78
2021-07-02_D1,78
2021-07-02_D10,78
2021-07-02_D5,78
2021-07-02_D7,78
2021-07-02_D3,78
2021-07-02_D6,78
2021-07-02_D8,78
2021-07-02_D2,78
2021-07-02_D29,78
2021-07-02_D23,78
2021-07-02_D22,78
2021-07-02_D27,78
2021-07-02_D15,78
2021-07-02_D21,78
2021-07-02_D16,78
2021-07-02_D12,78
2021-07-02_D14,78
2021-07-02_D11,78
2021-07-02_D13,78
2021-07-02_D18,78
2021-07-02_D30,78
2021-07-02_D19,78
2021-07-02_D24,78
2021-07-02_D20,78
2021-07-02_D25,78
2021-07-02_D17,78
2021-07-02_D28,78
2021-07-02_D26,78
2021-07-02_D75,78
2021-07-02_D79,78
2021-07-02_D71,78
2021-07-02_D74,78
2021-07-02_D77,78
2021-07-02_D80,78
2021-07-02_D78,78
2021-07-02_D72,78
2021-07-02_D73,78
2021-07-02_D76,78
2021-07-02_D68,78
2021-07-02_D70,78
2021-07-02_D61,78
2021-07-02_D67,78
2021-07-02_D52,78
2021-07-02_D56,78
2021-07-02_D63,78
2021-07-02_D55,78
2021-07-02_D51,78
2021-07-02_D65,78
2021-07-02_D62,78
2021-07-02_D66,78
2021-07-02_D58,78
2021-07-02_D53,78
2021-07-02_D64,78
2021-07-02_D60,78
2021-07-02_D54,78
2021-07-02_D69,78
2021-07-02_D59,78
2021-07-02_D57,78
2021-07-01_D33,78
2021-07-01_D37,78
2021-07-01_D34,78
2021-07-01_D45,78
2021-07-01_D50,78
2021-07-01_D32,78
2021-07-01_D49,78
2021-07-01_D48,78
2021-07-01_D42,78
2021-07-01_D38,78
2021-07-01_D43,78
2021-07-01_D39,78
2021-07-01_D36,78
2021-07-01_D35,78
2021-07-01_D40,78
2021-07-01_D47,78
2021-07-01_D41,78
2021-07-01_D46,78
2021-07-01_D44,78
2021-07-01_D31,78
2021-07-01_D4,78
2021-07-01_D9,78
2021-07-01_D1,78
2021-07-01_D10,78
2021-07-01_D5,78
2021-07-01_D7,78
2021-07-01_D3,78
2021-07-01_D6,78
2021-07-01_D8,78
2021-07-01_D2,78
2021-07-01_D29,78
2021-07-01_D23,78
2021-07-01_D22,78
2021-07-01_D27,78
2021-07-01_D15,78
2021-07-01_D21,78
2021-07-01_D16,78
2021-07-01_D12,78
2021-07-01_D14,78
2021-07-01_D11,78
2021-07-01_D13,78
2021-07-01_D18,78
2021-07-01_D30,78
2021-07-01_D19,78
2021-07-01_D24,78
2021-07-01_D20,78
2021-07-01_D25,78
2021-07-01_D17,78
2021-07-01_D28,78
2021-07-01_D26,78
2021-07-01_D75,78
2021-07-01_D79,78
2021-07-01_D71,78
2021-07-01_D74,78
2021-07-01_D77,78
2021-07-01_D80,78
2021-07-01_D78,78
2021-07-01_D72,78
2021-07-01_D73,78
2021-07-01_D76,78
2021-07-01_D68,78
2021-07-01_D70,78
2021-07-01_D61,78
2021-07-01_D67,78
2021-07-01_D52,78
2021-07-01_D56,78
2021-07-01_D63,78
2021-07-01_D55,78
2021-07-01_D51,78
2021-07-01_D65,78
2021-07-01_D62,78
2021-07-01_D66,78
2021-07-01_D58,78
2021-07-01_D53,78
2021-07-01_D64,78
2021-07-01_D60,78
2021-07-01_D54,78
2021-07-01_D69,78
2021-07-01_D59,78
2021-07-01_D57,78
